{"0":{"a":0.0,"b":0.0},"1":{"a":1.0,"b":0.0174524064},"2":{"a":2.0,"b":0.0697989934},"3":{"a":3.0,"b":0.1570078687},"4":{"a":4.0,"b":0.279025895},"5":{"a":5.0,"b":0.4357787137},"6":{"a":6.0,"b":0.6271707796},"7":{"a":7.0,"b":0.8530854038},"8":{"a":8.0,"b":1.1133848077},"9":{"a":9.0,"b":1.4079101854},"10":{"a":10.0,"b":1.7364817767},"11":{"a":11.0,"b":2.0988989491},"12":{"a":12.0,"b":2.4949402898},"13":{"a":13.0,"b":2.9243637065},"14":{"a":14.0,"b":3.3869065384},"15":{"a":15.0,"b":3.8822856765},"16":{"a":16.0,"b":4.4101976931},"17":{"a":17.0,"b":4.9703189803},"18":{"a":18.0,"b":5.5623058987},"19":{"a":19.0,"b":6.1857949347},"20":{"a":20.0,"b":6.8404028665},"21":{"a":21.0,"b":7.5257269405},"22":{"a":22.0,"b":8.2413450552},"23":{"a":23.0,"b":8.9868159553},"24":{"a":24.0,"b":9.7616794338},"25":{"a":25.0,"b":10.5654565435},"26":{"a":26.0,"b":11.3976498165},"27":{"a":27.0,"b":12.257743493},"28":{"a":28.0,"b":13.145203758},"29":{"a":29.0,"b":14.0594789871},"30":{"a":30.0,"b":15.0},"31":{"a":31.0,"b":15.9661803222},"32":{"a":32.0,"b":16.9574164555},"33":{"a":33.0,"b":17.9730881555},"34":{"a":34.0,"b":19.012558718},"35":{"a":35.0,"b":20.0751752723},"36":{"a":36.0,"b":21.1602690825},"37":{"a":37.0,"b":22.2671558566},"38":{"a":38.0,"b":23.3951360624},"39":{"a":39.0,"b":24.5434952509},"40":{"a":40.0,"b":25.7115043875},"41":{"a":41.0,"b":26.8984201886},"42":{"a":42.0,"b":28.1034854671},"43":{"a":43.0,"b":29.3259294827},"44":{"a":44.0,"b":30.5649683002},"45":{"a":45.0,"b":31.8198051534},"46":{"a":46.0,"b":33.0896308156},"47":{"a":47.0,"b":34.3736239761},"48":{"a":48.0,"b":35.6709516229},"49":{"a":49.0,"b":36.9807694309},"50":{"a":50.0,"b":38.3022221559},"51":{"a":51.0,"b":39.6344440343},"52":{"a":52.0,"b":40.9765591875},"53":{"a":53.0,"b":42.3276820325},"54":{"a":54.0,"b":43.6869176962},"55":{"a":55.0,"b":45.0533624359},"56":{"a":56.0,"b":46.4261040631},"57":{"a":57.0,"b":47.8042223729},"58":{"a":58.0,"b":49.1867895771},"59":{"a":59.0,"b":50.5728707414},"60":{"a":60.0,"b":51.9615242271},"61":{"a":61.0,"b":53.3518021355},"62":{"a":62.0,"b":54.7427507573},"63":{"a":63.0,"b":56.1334110239},"64":{"a":64.0,"b":57.5228189631},"65":{"a":65.0,"b":58.9100061574},"66":{"a":66.0,"b":60.2940002044},"67":{"a":67.0,"b":61.6738251813},"68":{"a":68.0,"b":63.0485021105},"69":{"a":69.0,"b":64.4170494283},"70":{"a":70.0,"b":65.778483455},"71":{"a":71.0,"b":67.1318188676},"72":{"a":72.0,"b":68.4760691733},"73":{"a":73.0,"b":69.8102471853},"74":{"a":74.0,"b":71.1333654994},"75":{"a":75.0,"b":72.4444369717},"76":{"a":76.0,"b":73.742475197},"77":{"a":77.0,"b":75.0264949885},"78":{"a":78.0,"b":76.2955128572},"79":{"a":79.0,"b":77.5485474924},"80":{"a":80.0,"b":78.784620241},"81":{"a":81.0,"b":80.0027555882},"82":{"a":82.0,"b":81.2019816368},"83":{"a":83.0,"b":82.3813305862},"84":{"a":84.0,"b":83.5398392109},"85":{"a":85.0,"b":84.6765493378},"86":{"a":86.0,"b":85.7905083223},"87":{"a":87.0,"b":86.8807695236},"88":{"a":88.0,"b":87.9463927777},"89":{"a":89.0,"b":88.9864448689},"90":{"a":90.0,"b":90.0},"91":{"a":91.0,"b":90.9861402592},"92":{"a":92.0,"b":91.9439560858},"93":{"a":93.0,"b":92.8725467322},"94":{"a":94.0,"b":93.7710207244},"95":{"a":95.0,"b":94.6384963187},"96":{"a":96.0,"b":95.4741019554},"97":{"a":97.0,"b":96.2769767092},"98":{"a":98.0,"b":97.0462707367},"99":{"a":99.0,"b":97.7811457189},"100":{"a":100.0,"b":98.4807753012}}